{
  "LogisticRegression": {
    "accuracy": 0.8852459016393442,
    "precision": 0.8620689655172413,
    "recall": 0.8928571428571429,
    "f1": 0.8771929824561403,
    "roc_auc": 0.9653679653679654
  },
  "DecisionTree": {
    "accuracy": 0.7377049180327869,
    "precision": 0.7307692307692307,
    "recall": 0.6785714285714286,
    "f1": 0.7037037037037038,
    "roc_auc": 0.7332251082251082
  },
  "RandomForest": {
    "accuracy": 0.8688524590163934,
    "precision": 0.8333333333333334,
    "recall": 0.8928571428571429,
    "f1": 0.8620689655172413,
    "roc_auc": 0.9415584415584416
  },
  "SVM_linear": {
    "accuracy": 0.8852459016393442,
    "precision": 0.8620689655172413,
    "recall": 0.8928571428571429,
    "f1": 0.8771929824561403,
    "roc_auc": 0.9653679653679654
  }
}