{
  "best_params": {
    "n_estimators": 150,
    "min_samples_split": 2,
    "min_samples_leaf": 1,
    "max_depth": 5,
    "bootstrap": false
  },
  "best_cv_score": 0.8737671231160814,
  "test_performance": {
    "accuracy": 0.8688524590163934,
    "precision": 0.8333333333333334,
    "recall": 0.8928571428571429,
    "f1": 0.8620689655172413,
    "roc_auc": 0.9491341991341992
  }
}